{
  "customers": [
    {
      "idiom": "Cambio",
      "info": "Adios",
      "id": 3
    },
    {
      "idiom": "Portugues",
      "Info": "adios",
      "id": 4
    },
    {
      "Idiom": "Es",
      "Info": "Polymer",
      "id": 5,
      "idiom": "Portugues"
    },
    {
      "Idiom": "Es",
      "Info": "prueba",
      "id": 6
    },
    {
      "Idiom": "Es",
      "Info": "prueba",
      "id": 7
    },
    {
      "Idiom": "Es",
      "Info": "prueba",
      "id": 8
    },
    {
      "Idiom": "Es",
      "Info": "prueba",
      "id": 9
    },
    {
      "Idiom": "Es",
      "Info": "prueba",
      "id": 11
    },
    {
      "Idiom": "Es",
      "Info": "prueba",
      "id": 12
    },
    {
      "Idiom": "Es",
      "Info": "prueba",
      "id": 13
    },
    {
      "Idiom": "Es",
      "Info": "prueba",
      "id": 14
    },
    {
      "Idiom": "Es",
      "Info": "prueba",
      "id": 15
    },
    {
      "idiom": "espa",
      "info": "Hola",
      "id": 16
    },
    {
      "idiom": "espa",
      "info": "Hola",
      "id": 17
    },
    {
      "idiom": "espa",
      "info": "Hola",
      "id": 18
    },
    {
      "idiom": "espa",
      "info": "Hola",
      "id": 19
    },
    {
      "idiom": "espa",
      "info": "Hola",
      "id": 20
    },
    {
      "idiom": "espa",
      "info": "Hola",
      "id": 21
    }
  ]
}